https://www.facebook.com/groups/veryblessedimages/permalink/805693339969159/,https://www.facebook.com/ekekekkekkek/videos/616943375761299/,https://imagesvc.meredithcorp.io/v3/mm/image?url=https%3A%2F%2Fstatic.onecms.io%2Fwp-content%2Fuploads%2Fsites%2F37%2F2020%2F09%2F22%2F50-cute-dog-names.jpg,https://www.thedodo.com/close-to-home/rottweiler-dog-guards-bread,https://www.youtube.com/watch?v=iB52iP2a_MY&feature=youtu.be&t=28,https://www.facebook.com/BirbMemesOfficial/videos/2225664217696713/,https://imgur.com/a/hpJhL05,https://educateinspirechange.org/alternative-news/america/a-crocodile-was-spotted-using-a-pool-noodle-to-swim-across-a-canal-in-florida/?fbclid=IwAR00UND9_a_IhMktTLTpZFTpWTPUFtagpfXLHD91s4QGDXwTi1LNB-Hj_yY,https://www.facebook.com/groups/quintessentialanimals/permalink/606728890003285/,,,,https://www.facebook.com/baphotographyny/videos/1660595803995104/,https://thefunnybeavercomd030b.zapwp.com/q:ultra/retina:false/webp:true/w:700/url:https://thefunnybeaver.com/wp-content/uploads/2017/11/funny-brother-ketchup.jpg,https://thefunnybeavercomd030b.zapwp.com/q:ultra/retina:false/webp:true/w:564/url:https://thefunnybeaver.com/wp-content/uploads/2017/11/funny-kid-civil-war.jpg,https://thefunnybeavercomd030b.zapwp.com/q:ultra/retina:false/webp:true/w:564/url:https://thefunnybeaver.com/wp-content/uploads/2017/11/funny-snapchat-2017.jpg
,https://imgur.com/a/FGKDg8m,https://imgur.com/a/oobWpGu,https://www.facebook.com/VT/videos/2444463819028779/,https://www.youtube.com/watch?v=XFEHa27TnYk&list=PLREBDtkXDuatRKGIg_xMouTpie8gDqwVT&index=48,https://imgur.com/a/gp42CWh,https://www.facebook.com/groups/quintessentialanimals/permalink/632545884088252/,https://www.facebook.com/KraitonCroc/posts/309750827006054,,,,,https://www.reddit.com/r/MadeMeSmile/comments/c18sez/my_husbands_reaction_to_our_11_month_olds_first/,https://thefunnybeavercomd030b.zapwp.com/q:ultra/retina:false/webp:true/w:728/url:https://thefunnybeaver.com/wp-content/uploads/2017/11/funny-dad-snapchat.jpg,https://thefunnybeavercomd030b.zapwp.com/q:ultra/retina:false/webp:true/w:615/url:https://thefunnybeaver.com/wp-content/uploads/2017/11/funny-seems-legit.jpg,https://www.youtube.com/watch?v=X1VJw14gY98&list=PLREBDtkXDuatRKGIg_xMouTpie8gDqwVT&index=61
,,https://imgur.com/a/ApmDdXL,https://streamable.com/qagy4c,,https://www.youtube.com/watch?v=tRsfOGJ5lZg,https://www.facebook.com/groups/veryblessedimages/permalink/856306208241205/,https://www.facebook.com/Ireefman/posts/3483836444971199,,,,,https://www.facebook.com/permalink.php?story_fbid=10157136512358171&id=586258170,https://thefunnybeavercomd030b.zapwp.com/q:ultra/retina:false/webp:true/w:564/url:https://thefunnybeaver.com/wp-content/uploads/2017/11/funny-eat-deodorant.jpg,https://www.facebook.com/codykurtzsmiles/posts/1632879596887352,
,,https://imgur.com/a/VmO4h1s,https://www.facebook.com/groups/veryblessedimages/permalink/851627532042406/,,https://www.youtube.com/watch?v=YE8PTMSFMUg&list=PLREBDtkXDuatRKGIg_xMouTpie8gDqwVT&index=18,https://www.facebook.com/jasmine.tomita/posts/10157455270063977,https://www.facebook.com/groups/veryblessedimages/permalink/798572894014537/,,,,,https://www.facebook.com/historyofmusic2016/posts/2440825002884086,https://thefunnybeavercomd030b.zapwp.com/q:ultra/retina:false/webp:true/w:540/url:https://thefunnybeaver.com/wp-content/uploads/2017/11/funny-kid-fall-asleep-legos.jpg,https://www.youtube.com/watch?v=22-Ow6Df9so&list=PLREBDtkXDuatRKGIg_xMouTpie8gDqwVT&index=22,
,,https://imgur.com/a/K6hu8FU,https://www.facebook.com/memesindustriales/posts/2735195966725899,,https://www.youtube.com/watch?v=8Pr-p8tCruw&list=PLREBDtkXDuatRKGIg_xMouTpie8gDqwVT&index=39,,https://imgur.com/gallery/fMEO6in,,,,,,https://thefunnybeavercomd030b.zapwp.com/q:ultra/retina:false/webp:true/w:564/url:https://thefunnybeaver.com/wp-content/uploads/2017/11/funny-kids-fart-book.jpg,,
,,https://www.facebook.com/WeRateDogs/posts/3666778433383353,https://www.facebook.com/amanda.sirca/posts/4504037286305306,,,,https://www.facebook.com/1292387394202061/videos/1640010626106401/,,,,,,https://thefunnybeavercomd030b.zapwp.com/q:ultra/retina:false/webp:true/w:660/url:https://thefunnybeaver.com/wp-content/uploads/2017/11/funny-person-stays-home.jpg,https://www.facebook.com/photo?fbid=10108103279958943&set=pcb.10108103280108643,
,,https://www.gif-vif.com/gifs/Plz-frens-No-fight/?fbrefresh=23&fbclid=IwAR3ZnD_UdjtY9YgrRz9zBfS0L4TbiZAwksoa7kS0Uqrh0aHTn4Gf39boIYQ,https://www.facebook.com/WoofWoofTV/posts/1513539869038515,,,,https://www.facebook.com/groups/veryblessedimages/permalink/767531243785369/,,,,,,https://www.instagram.com/p/k29zymOF84/,https://www.facebook.com/poh.page/posts/3398096040255742,
,,,https://www.youtube.com/watch?v=Nx2qeKVtdz4&list=PLREBDtkXDuatRKGIg_xMouTpie8gDqwVT&index=6,,,,,,,,,,https://www.facebook.com/TheTalkCBS/posts/3164478193589097,https://www.facebook.com/ChonkyBorks/posts/311591360226610,
,,,,,,,,,,,,,https://www.youtube.com/watch?v=N_NIpShTyog&list=PLREBDtkXDuatRKGIg_xMouTpie8gDqwVT&index=42,,
,,,,,,,,,,,,,https://www.youtube.com/watch?v=9aEZN-C0lpY&list=PLREBDtkXDuatRKGIg_xMouTpie8gDqwVT&index=65,,
